id,name,image,price,number,supplier_id
10004,phone,/goods-img/45854bdd-2ca5-423c-a609-3d336d9322b4.jpg,45,1900,1000
10006,phone,/goods-img/7614ce78-0ebc-4275-a7cc-d16ad5f5f6ed.jpg,83,1000,1000
10007,phone,/goods-img/ef75879d-3d3e-4bab-888d-1e4036491e11.jpg,100,1895,1000
10008,phone,/goods-img/b6084354-1841-4241-ba7b-7e97186a9076.jpg,808,990,1001
10009,phone,/goods-img/7b4e03b1-eca7-42f5-8dda-14d02d3ab318.jpg,818,1000,1001
10010,phone,/goods-img/7bca8b59-35f3-480a-a95d-99efcbb8cfda.jpg,715,1000,1001
10011,phone,/qifei/dist/img/no-img.png,1598,1000,1001
10012,phone,/qifei/dist/img/no-img.png,2158,1000,1001
10013,phone,/qifei/dist/img/no-img.png,2158,1000,1001
10014,phone,/qifei/dist/img/no-img.png,2158,1000,1001
10015,phone,/qifei/dist/img/no-img.png,3199,1000,1001
10016,phone,/goods-img/e3de1717-e373-4544-9f1e-057a91fd2595.jpg,1599,1000,1001
10018,phone,/goods-img/0a592388-1535-4f9f-8201-ecb78c48bb3d.jpg,649,1000,1001
10020,phone,/goods-img/fd218943-8f6f-4fb8-91a4-d6216cc5afdc.jpg,649,1000,1001
10021,phone,/goods-img/54641753-d8e7-45da-8c6c-81192552cf15.jpg,649,1013,1001
10022,phone,/goods-img/7b65ad3d-74a4-4322-8653-6bda47a8b4eb.jpg,649,1000,1001
10023,phone,/goods-img/bd8b2d93-c251-46b8-9990-77baaf3075f3.jpg,799,80,1001
10024,phone,/goods-img/71ae1ce8-38e8-4da3-8fa1-5e8157a12685.jpg,799,100,1001
10025,phone,/goods-img/371386b8-ddf4-4fc1-985e-ef0e1a076710.jpg,1099,100,1001
10026,phone,/goods-img/60392ae1-d076-47b5-a00d-b2278e01ccb5.jpg,1099,100,1001
10027,phone,/goods-img/45854bdd-2ca5-423c-a609-3d336d9322b4.jpg,45,1970,1000
10029,phone,/goods-img/7614ce78-0ebc-4275-a7cc-d16ad5f5f6ed.jpg,83,1000,1000
10030,phone,/goods-img/ef75879d-3d3e-4bab-888d-1e4036491e11.jpg,100,2820,1000
10031,phone,/goods-img/89660409-78b7-4d47-ae12-f94b3ce9664b.png,70,3890,1000
10033,phone,/goods-img/f172c500-21d0-42e3-95ce-aa9b84a2ef49.jpg,398,1000,1000
10034,phone,/goods-img/f87bdee1-ed48-4b49-b701-cc44f26a2699.jpg,83,1000,1000
10035,phone,/goods-img/16230038-bf86-4d4e-a11f-954b9ee4bab2.jpg,130,1000,1000
10036,phone,/goods-img/904c8aa1-0257-49e8-ad89-f48d2462db21.jpg,130,993,1000
10038,phone,/goods-img/d66b6e0e-48d4-4503-8dd6-43b3c71f52a4.png,70,1000,1000
10039,phone,/goods-img/d0d8f6d1-1f2d-49f8-9099-0cdd94833581.jpg,85,1700,1000
10040,phone,/goods-img/e553f566-5dc4-4648-be58-fd7112a47b10.jpg,61,1000,1000
10041,phone,/goods-img/a9c0d929-6f0b-4bc7-819c-e5015f447a9e.jpg,200,1950,1000
10042,phone,/goods-img/38d5f694-2236-415d-80c8-4a1695e92d4e.jpg,198,1899,1000
10043,phone,/goods-img/f6832ed7-cb01-48ab-987f-cd437b21be80.jpg,30,1000,1000
10044,phone,/goods-img/cf19de8b-e94e-4513-aecd-a0b5c976b738.jpg,52,1000,1000
10046,phone,/goods-img/d4f3299d-d526-4a81-ae9f-3b53e735075e.jpg,4,1000,1000
10047,phone,/goods-img/ea92b50a-67ba-4279-a71a-4e52e6a3219c.jpg,140,1000,1000
10048,phone,/goods-img/bf1dc4d1-acc2-40c8-8091-1c6f35988643.jpg,45,1000,1000
10050,phone,/goods-img/4059caa9-e0b3-4ac3-a494-b9e4c47e0185.jpg,83,1000,1000
10051,phone,/goods-img/a4a4c981-da0f-4228-bcc7-97d970dc619c.jpg,100,1000,1000
10052,phone,/goods-img/71d1f469-b77b-473a-a31a-78fc97859b3a.png,70,1000,1000
10054,phone,/goods-img/68bfbfd9-bc28-429a-ab2c-7fa62205ed7e.jpg,398,1000,1000
10055,phone,/goods-img/679eb5a8-7689-4620-b072-63daeb8eb73a.jpg,83,1000,1000
10056,phone,/goods-img/eb13afc6-8898-4a50-9f93-06dd2593c313.jpg,130,1000,1000
10057,phone,/goods-img/65aed381-cde0-44ed-b345-5ebf1d74a13b.jpg,130,1000,1000
10059,phone,/goods-img/1e09e1ed-435b-4f08-84d0-d88308a315ee.png,70,1000,1000
10060,phone,/goods-img/dbc2ea2a-ee03-4366-a35e-6ebe66d02399.jpg,85,1000,1000
10061,phone,/goods-img/9389914c-2860-4a75-b603-53ed5a4e0509.jpg,61,1000,1000
10062,phone,/goods-img/6ab010e2-5f1e-4512-bd22-4c2550915d4c.jpg,200,1000,1000
10063,phone,/goods-img/fab00903-7ff6-40ee-a9bc-3fbc2f0f0ffc.jpg,198,1000,1000
10064,phone,/goods-img/ab725751-adb8-452a-86dd-cb3d21da794e.jpg,30,1000,1000
10065,phone,/goods-img/a7221688-3c37-4ac0-b07e-d8bde1525d1e.jpg,52,1000,1000
10067,phone,/goods-img/75e26af4-8f15-43f2-9407-50d641f82acb.jpg,4,1000,1000
10068,phone,/goods-img/69d55773-1b43-497b-af18-90f2cec7c93a.jpg,140,1000,1000
10069,phone,/goods-img/419ddb3c-1793-49c1-8953-77409a5d5bce.jpg,20,1000,1000
10070,phone,/goods-img/e53cc7af-f81c-4752-aec8-007e807b2fc1.jpg,4,1000,1000
10071,phone,/goods-img/481e8994-20cb-4f6c-8b77-4eb8509eb3b9.jpg,398,1000,1000
10072,phone,/goods-img/2c150720-4b3a-4d9e-9ce6-77eb4998e1f1.jpg,42,1000,1000
10074,phone,/goods-img/0ec8c4a7-aedc-464d-9e23-d3e4acafdc73.jpg,30,1000,1000
10076,phone,/goods-img/ce8ff43c-e8b4-4c52-9de1-c983c97068f6.jpg,7,1000,1000
10077,phone,/goods-img/ffa69c8e-f57f-4ef4-a2a0-3695d538d6c5.jpg,42,1000,1000
10079,phone,/goods-img/0bc4f5ac-d601-421d-8131-81958a195705.jpg,150,1000,1000
10081,phone,/goods-img/76b6a573-12a0-4c63-b2ae-e7193aff0fc8.jpg,198,1000,1000
10082,phone,/goods-img/26e0c424-f22d-4d3d-9bd6-a7958a346ff9.jpg,398,1000,1000
10084,phone,/goods-img/e8e26306-0521-4843-9e07-70ebd2fa6405.jpg,398,1000,1000
10086,phone,/goods-img/7577f3e0-f48b-47a9-96b7-de405a6aaf95.png,70,1000,1000
10088,phone,/goods-img/cce2af31-07ea-4744-8d01-16dd01d68e5b.jpg,98,1000,1000
10089,phone,/goods-img/6dc279ac-fef0-401c-8604-b18dc9a9f7ab.jpg,40,1000,1000
10090,phone,/goods-img/9cd07460-8c0b-49e5-9741-5015a3576e8e.jpg,20,1000,1000
10092,phone,/goods-img/70529ced-527a-4b46-aafa-874107ff9ea5.jpg,4,1000,1000
10093,phone,/goods-img/174ec60d-7d2b-4043-a7a6-7383c3de1a11.jpg,398,1000,1000
10094,phone,/goods-img/f9964432-a9b7-45c2-ac6d-680130c2d7a7.jpg,42,1000,1000
10096,phone,/goods-img/7f1eec3d-d8e5-4a18-a1a9-b81876dcaaf5.jpg,30,1000,1000
10098,phone,/goods-img/1ca16211-2b80-4006-ab60-e1a3cab4218c.jpg,7,1000,1000
10099,phone,/goods-img/593b65a7-feae-45aa-837e-47d58bb27474.jpg,42,1000,1000
10101,phone,/goods-img/7f89c29e-d888-4ee0-92af-ca713a7871a4.jpg,150,1000,1000
10103,phone,/goods-img/0b1e57bf-b4fd-40df-9832-4749d7d69db9.jpg,198,1000,1000
10104,phone,/goods-img/8ddfc2de-3da3-4fad-86aa-7c570cb55212.jpg,398,1000,1000
10106,phone,/goods-img/3078143f-1cdd-4f66-951b-2cf08af8c826.jpg,398,1000,1000
10108,phone,/goods-img/954da201-0cbb-45d1-9cd1-17ce4d24cfb4.png,70,1000,1000
10110,phone,/goods-img/b584ea09-7aae-422e-8435-fdc38c948434.jpg,98,1000,1000
10111,phone,/goods-img/a0a45b44-82c9-4a58-a972-304bed0632bb.jpg,40,1000,1000
10112,phone,/goods-img/c5d6d952-c81b-436a-a345-feb4c5a20a7d.jpg,10,1000,1000
10114,phone,/goods-img/2ffe59f3-559f-4e6f-810d-1b6fa4ac04e1.jpg,30,1000,1000
10115,phone,/goods-img/86e027b3-8868-4fa5-971b-49e827027e3e.jpg,100,1000,1000
10117,phone,/goods-img/1aea34fa-f45e-4c3c-b73c-da1f92492c95.jpg,69,1000,1000
10118,phone,/goods-img/838fc0cb-b98f-4dca-bd68-581138b21a30.jpg,100,1000,1000
10119,phone,/goods-img/30f05c92-a303-4b94-bb5e-22f3c65f3c37.jpg,250,1000,1000
10120,phone,/goods-img/734f1604-e687-4cd1-8573-bb00e680e94e.jpg,12,1000,1000
10122,phone,/goods-img/4eed1033-7728-477c-a29d-589bfd3ae3ce.jpg,55,1000,1000
10123,phone,/goods-img/d3fa11f3-6cfa-4958-b09c-584a62137b4b.jpg,178,1000,1000
10124,phone,/goods-img/829f2d09-1589-4f63-8376-d347c3cec620.jpg,32,1000,1000
10125,phone,/goods-img/1c70ddcb-ca69-40ed-a263-30880b2e2cac.jpg,159,1000,1000
10126,phone,/goods-img/1db10d7c-3429-4ef2-ac41-2991af57f442.jpg,19,1000,1000
10127,phone,/goods-img/bd0b92b4-c8ca-453a-b572-b3447083bddf.png,25,1000,1000
10128,phone,/goods-img/64d4e0b7-cd01-47f6-9081-4c2e7625e4f9.jpg,35,1000,1000
10130,phone,/goods-img/04a8c325-d296-4f0e-ac6d-8cccba4dc90e.jpg,10,1000,1000
10132,phone,/goods-img/755a34a3-bc3e-4f04-8943-f79860012e78.jpg,30,1000,1000
10133,phone,/goods-img/30036561-a150-4ea7-9106-29bbea278909.jpg,100,999,1000
10135,phone,/goods-img/aa37202c-68eb-4c84-b02c-171b3d11c0e8.jpg,69,1000,1000
10136,phone,/goods-img/0f724c0f-8888-4b75-8fe1-dc7dd8f2b7bd.jpg,100,1000,1000
10137,phone,/goods-img/9608b59d-cbca-4b70-9f05-226fde41c51c.jpg,250,1000,1000
10138,phone,/goods-img/d543ba0d-18d8-427a-87ea-99968b319440.jpg,12,1000,1000
10140,phone,/goods-img/cd6d91b0-69b2-4415-8560-4cbd2690cb50.jpg,55,1000,1000
10141,phone,/goods-img/b08c94ac-cba2-4468-b3d0-03d9447f5bf2.jpg,178,1000,1000
10142,phone,/goods-img/5a65f952-4141-47f8-8f8e-84120bbf74ea.jpg,32,1000,1000
10143,phone,/goods-img/503ef53e-d4ac-4c4e-83a7-8a03ead0ecc8.jpg,159,1000,1000
10144,phone,/goods-img/aa83ce5b-2db1-4ecf-bc4f-f43c437894d7.jpg,19,1000,1000
10145,phone,/goods-img/5c590548-9de3-47a3-8cb9-4d8f040a9635.png,25,1000,1000
10146,phone,/goods-img/45be1de3-447b-404b-9df8-ddf07fdc8647.jpg,35,1000,1000
10148,phone,/goods-img/1d7f28bb-6597-48de-a6bb-2561697db883.jpg,10,1000,1000
10150,phone,/goods-img/53a6478b-4fd5-4add-b095-9fd4ad983a7b.jpg,128,1000,1000
10152,phone,/goods-img/561e9e6d-b130-468d-8328-36a5ff70cdfa.jpg,178,1000,1000
10153,phone,/goods-img/01514263-83b4-4ac7-aee3-5e5a2448414f.jpg,37,1000,1000
10154,phone,/goods-img/23e5ee1d-5bb7-4f2a-b4b5-4fbc9ca3c163.jpg,65,1000,1000
10155,phone,/goods-img/a4d3a61e-b0d3-4c58-85d6-fddf1de85f66.jpg,28,1000,1000
10156,phone,/goods-img/38c25b00-a4fb-4893-aa8e-34ff76963397.jpg,9,1000,1000
10157,phone,/goods-img/f6e1ce14-a590-4736-9d36-df5628bc4188.jpg,75,1000,1000
10159,phone,/goods-img/c2e30c9b-ce49-4824-824a-b7d3ae173340.jpg,178,1000,1000
10160,phone,/goods-img/4b1b98d5-359f-4025-85e3-f357b6e9724a.jpg,198,1000,1000
10161,phone,/goods-img/21dd6bd9-c4bc-4e17-8fed-23775cebf361.jpg,42,1000,1000
10163,phone,/goods-img/b8978340-ff72-4b5a-a9d3-4b5610982764.jpg,28,1000,1000
10164,phone,/goods-img/a905c374-3411-4ddd-9b84-7ecbc9b50620.jpg,198,1000,1000
10166,phone,/goods-img/2750405a-2e01-463d-a059-54644c67f7cc.jpg,10,1000,1000
10167,phone,/goods-img/780e716a-7be8-4d94-b8b6-833b4d97e148.jpg,128,1000,1000
10169,phone,/goods-img/94f5b471-1148-4320-aa8a-68573706fd91.jpg,178,1000,1000
10170,phone,/goods-img/a12dcb9c-bb36-4df9-b517-1578a03fe062.jpg,37,1000,1000
10171,phone,/goods-img/0f701215-b782-40c7-8bbd-97b51be56461.jpg,65,998,1000
10172,phone,/goods-img/737afa41-1905-4dbc-ab33-95f8489dde5b.jpg,28,1000,1000
10173,phone,/goods-img/c6632420-ad7e-451b-a2a9-b02299653db1.jpg,9,1000,1000
10174,phone,/goods-img/58d831e4-07f4-44e2-a994-1a7d585452a1.jpg,75,1000,1000
10176,phone,/goods-img/f2aaadc0-ddda-4736-9826-2dbb2c533ea0.jpg,178,1000,1000
10177,phone,/goods-img/09c87218-d645-48e7-bbd5-54af5e77bf4b.jpg,198,1000,1000
10178,phone,/goods-img/15395057-94e9-4545-a8ee-8aee025f40c5.jpg,85,999,1000
10179,phone,/goods-img/3b40971a-3f32-45cf-a99a-aada90ee8e33.jpg,42,1000,1000
10180,phone,/goods-img/f65ef709-8fa8-4a3f-8abd-75a9b0492b14.jpg,28,1000,1000
10181,phone,/goods-img/5488564b-8335-4b0c-a5a4-52f3f03ee728.jpg,198,998,1000
10183,phone,/goods-img/53c9f268-7cd4-4fac-909c-2dc066625655.jpg,1246,997,1001
10184,phone,/goods-img/c47403f1-b706-453b-88d8-2bfdee0316be.jpg,129,1000,1001
10185,phone,/goods-img/183481c3-47ff-4b2e-926f-b02b926ac02c.jpg,69,1000,1001
10186,phone,/goods-img/5e0d089b-fa91-410d-8ff2-9534eb6f627f.jpg,499,1000,1001
10187,phone,/goods-img/911531a4-39a6-4771-b26e-2ba4db1ebcda.jpg,1168,1000,1001
10189,phone,/goods-img/e70a4f29-2269-466a-984e-01e018206c2e.jpg,899,1000,1001
10190,phone,/goods-img/04441cd4-81c8-4ad9-a067-9d15422e508f.jpg,1888,1000,1001
10192,phone,/goods-img/ad53ea23-6974-4e44-b62d-eab498ce1d63.jpg,9,1000,1001
10193,phone,/goods-img/01e1998d-f183-4e99-b8ba-7715727cf90b.jpg,229,1000,1001
10194,phone,/goods-img/1631a30b-287c-41da-bbbe-1a9b1b8d1552.jpg,2399,1000,1001
10195,phone,/goods-img/f3d269a4-5317-4b30-b164-1311f6c1f058.jpg,149,1000,1001
10196,phone,/goods-img/966a8b32-f547-457c-9161-009d3113d584.jpg,2498,1000,1001
10197,phone,/goods-img/72218e28-fc58-4aa0-b3cd-c1f2c764d25e.jpg,2268,1000,1001
10198,phone,/goods-img/7345c467-6c2d-4f30-a73d-83d675d5208c.jpg,349,1000,1001
10200,phone,/goods-img/efea018e-8ab0-47f9-a3d4-260c8cd2de5f.jpg,2399,1000,1001
10201,phone,/goods-img/b3de8a39-e33c-432f-872f-46f4a1662498.jpg,1699,1000,1001
10202,phone,/goods-img/bf6ccbc4-d0d0-4fbb-b975-4becb9cb38f4.jpg,223,1000,1001
10204,phone,/goods-img/64768a8d-0664-4b29-88c9-2626578ffbd1.jpg,1246,996,1001
10205,phone,/goods-img/36d0fe8f-aa28-423c-81e7-82cab31b7598.jpg,129,1000,1001
10206,phone,/goods-img/6113a562-f3f1-408c-9b0d-78a84407caf7.jpg,69,1000,1001
10207,phone,/goods-img/abb13d3a-3445-4b26-b8e9-44cbec227b5d.jpg,499,1000,1001
10208,phone,/goods-img/25910a34-e026-4954-87b0-c379999e1dd0.jpg,1168,1000,1001
10210,phone,/goods-img/adf8cbc2-ccb9-408a-96d0-553848e111e9.jpg,899,1000,1001
10211,phone,/goods-img/e028c016-6793-49a3-8b0f-d0102a415d21.jpg,1888,1000,1001
10213,phone,/goods-img/0b02244f-6908-4ccb-a9d2-ccb5a462e30e.jpg,9,1000,1001
10214,phone,/goods-img/eec7b009-a9ff-45cd-a7be-4051eb7b3c22.jpg,229,1000,1001
10215,phone,/goods-img/1c4adfba-f2f4-4ab3-8520-c28b0a437b7b.jpg,2399,1000,1001
10216,phone,/goods-img/b1530f7f-d286-4eb1-8d2b-3c2a74fa9f06.jpg,149,1000,1001
10217,phone,/goods-img/02cf272e-9062-4d4b-8b7f-7058f0472efa.jpg,2498,1000,1001
10218,phone,/goods-img/af77eaba-fd00-4ec8-b0e6-928372a0741d.jpg,2268,1000,1001
10219,phone,/goods-img/0dc503b2-90a2-4971-9723-c085a1844b76.jpg,2899,999,1001
10220,phone,/goods-img/0cc81546-1408-4140-af95-0341a7778b6c.jpg,349,1000,1001
10221,phone,/goods-img/768e79e1-e875-4691-855d-262346451d22.jpg,2399,1000,1001
10222,phone,/goods-img/d3370c50-e853-4546-a032-35073eb192ff.jpg,1699,1000,1001
10223,phone,/goods-img/7b8bcf01-0abe-4155-b1f4-e57a6b8fc36a.jpg,223,1000,1001
10225,phone,/goods-img/d8d4ac7e-7189-459a-aef2-7116f723cb0b.jpg,400,1000,1000
10227,phone,/goods-img/18aca3b8-d024-47d3-a971-fb51d374b1ae.jpg,170,1000,1000
10228,phone,/goods-img/44c8198e-f63a-45e0-8eff-789338de65f8.jpg,99,1000,1000
10229,phone,/goods-img/c081314e-8f67-44f9-a27e-aad6c3f29343.jpg,295,1000,1000
10230,phone,/goods-img/39c69481-6d13-4d84-bc1e-7dca612667f0.jpg,379,1000,1000
10231,phone,/goods-img/f30bd8cb-aadd-43aa-8615-2c4795ee7f5f.jpg,355,1000,1000
10234,phone,/goods-img/f128ad98-fe4d-4264-96e3-6393b6cc98f1.jpg,195,1000,1000
10235,phone,/goods-img/8fcdb86b-e826-4c1b-af3c-33a9d590c4b0.jpg,410,1000,1000
10236,phone,/goods-img/53a4a428-8ca2-4d19-937d-15d18f324237.jpg,320,1000,1000
10237,phone,/goods-img/247722ea-c87a-4283-806c-bc9fe57f2253.jpg,299,1000,1000
10239,phone,/goods-img/1eefadae-5f62-4abd-b283-077e7b6d9193.jpg,340,1000,1000
10241,phone,/goods-img/da12f5cf-2728-446a-a3bd-b78baf7056ff.jpg,429,1000,1000
10242,phone,/goods-img/7030b9b6-b650-4d9d-9446-e27dab8afa1f.jpg,400,1000,1000
10243,phone,/goods-img/96a91f11-e634-4e28-be13-db8b4732463e.jpg,360,1000,1000
10244,phone,/goods-img/fe048831-384d-46b2-beec-5549f7902c11.jpg,410,1000,1000
10245,phone,/goods-img/75fdac25-1cfa-4a9b-957d-805ac706f32c.jpg,366,1000,1000
10247,phone,/goods-img/1055e30e-3d98-4dca-8b79-8d0b5a09a37b.jpg,122,1000,1000
10248,phone,/goods-img/7b52a7bc-0ecf-41c4-b079-d162511c9530.jpg,339,1000,1000
10249,phone,/goods-img/67280dcf-bf32-49c1-b99b-9d86bb2ffaac.jpg,400,1000,1000
10251,phone,/goods-img/2b678c5d-820c-4174-bc0c-5a65ff9501b6.jpg,170,1000,1000
10252,phone,/goods-img/3f513cd6-bb5f-407d-8550-24550873d83b.jpg,99,1000,1000
10253,phone,/goods-img/d82ba7f0-6c92-4254-bfb2-71b3f8b1dfda.jpg,295,1000,1000
10254,phone,/goods-img/f6b1195a-3231-4e81-a676-866ee838748f.jpg,379,1000,1000
10255,phone,/goods-img/a9cd71ad-2db0-4876-9ead-c51233040220.jpg,195,1000,1000
10259,phone,/goods-img/49d2acf7-55e5-4293-a7da-5929740e1168.jpg,410,1000,1000
10260,phone,/goods-img/b0142d40-6adb-4d64-b5b2-6e4a34656990.jpg,320,1000,1000
10261,phone,/goods-img/70219912-838c-487b-8c3c-761b00de80e9.jpg,299,1000,1000
10263,phone,/goods-img/abff57bf-247b-4881-9589-e1336049c3ba.jpg,340,1000,1000
10265,phone,/goods-img/ba0cd1e9-cded-427b-8692-e8e2a0d00e9f.jpg,429,1000,1000
10266,phone,/goods-img/ea87e780-ed4c-447d-bd22-e88e4742721e.jpg,400,1000,1000
10267,phone,/goods-img/dde0b711-58b0-49fb-972c-7a71d6ec30f1.jpg,360,1000,1000
10268,phone,/goods-img/79247aeb-2903-47b0-a711-ac94e22ddd54.jpg,410,1000,1000
10269,phone,/goods-img/db866c68-e526-42cf-a0b5-520254f30b76.jpg,366,1000,1000
10271,phone,/goods-img/63d0a187-627d-4edb-870e-717969ad2bd0.jpg,122,1000,1000
10272,phone,/goods-img/9822b4a5-9fd2-435b-bdd1-5bbcdc6fdfdf.jpg,339,1000,1000
10273,phone,/goods-img/2d827a7e-fb30-493d-840a-cb21766814fd.jpg,6928,1000,1001
10274,phone,/goods-img/465936e0-40ad-4968-b868-4bea20c7beec.jpg,11499,1000,1001
10275,phone,/goods-img/a4132109-8f18-4399-affd-a81fad6902c8.jpg,7999,1000,1001
10276,phone,/goods-img/65b62668-3be5-48b0-a40c-bd05826a38c2.jpg,10399,1000,1001
10277,phone,/goods-img/cb899039-a705-473d-9785-f245a6ed4d89.jpg,8899,1000,1001
10278,phone,/goods-img/7810bc9d-236f-4386-a0ef-45a831b49bf2.jpg,8899,996,1001
10279,phone,/goods-img/53019ece-5e61-4de9-8eac-e1f00a4ef7e3.jpg,8056,1000,1001
10280,phone,/goods-img/f08404a7-0459-4289-aa60-dd1735c95bbe.jpg,11499,1000,1001
10281,phone,/goods-img/83740c28-473c-4954-b0dc-3cadab5a87d1.jpg,6200,1000,1001
10282,phone,/goods-img/78957148-4c0c-4194-bc46-7360d7b1aa65.jpg,10399,1000,1001
10283,phone,/goods-img/85787c16-8443-4db0-9cae-a811a20a0832.jpg,13899,1000,1001
10284,phone,/goods-img/82bdafc6-5828-495e-b77c-21598938b896.jpg,10399,1000,1001
10285,phone,/goods-img/7928eb46-9e1c-420e-a8ab-6c358d01891b.jpg,18199,1000,1001
10287,phone,/goods-img/fb08ec83-2960-47f7-8679-8b78896c30d5.jpg,6188,1000,1001
10289,phone,/goods-img/50748763-c0d6-4e73-80e5-864818fa3246.jpg,8899,1000,1001
10290,phone,/goods-img/fe9e33a1-fbd0-4278-931f-825fef4ffb62.jpg,9999,1000,1001
10291,phone,/goods-img/0340d6b2-54bf-42a2-96f4-f35c5f47bb2d.jpg,9656,1000,1001
10292,phone,/goods-img/33a29216-08d6-445b-b979-12d5de81d634.jpg,21399,1000,1001
10293,phone,/goods-img/a2afdb6c-69a7-4081-bd09-62174f9f5624.jpg,13899,1000,1001
10294,phone,/goods-img/4da4fa5d-ee2d-4496-9950-e53b102f0e8e.jpg,14999,1000,1001
10295,phone,/goods-img/49c9f6f8-11c2-4f57-98b9-daf12715b938.jpg,18199,1000,1001
10296,phone,/goods-img/9dd28614-7a17-4876-8cdd-232caf4154bc.jpg,15499,1000,1001
10297,phone,/goods-img/2dcd61b8-f434-40ee-928f-c6e4ae934db8.jpg,21399,1000,1001
10298,phone,/goods-img/3b095a66-4001-4c69-9026-2e09139b5f11.jpg,10100,1000,1001
10300,phone,/goods-img/82fb6b31-1afe-4bcb-a243-5205ed32d3ee.jpg,15499,1000,1001
10301,phone,/goods-img/73a8c7e9-40af-4e0a-9826-5f6374361e61.jpg,11299,1000,1001
10302,phone,/goods-img/4755f3e5-257c-424c-a5f4-63908061d6d9.jpg,5499,1000,1001
10303,phone,/goods-img/a0d09f94-9c46-4ee1-aaef-dfd132e7543e.jpg,5999,998,1001
10304,phone,/goods-img/8dfe8ea9-2279-4132-a72b-4f8a52d002a4.jpg,5999,1000,1001
10305,phone,/goods-img/7368f461-fd0a-4f37-bc8b-31d8ad3d6e95.jpg,5499,1000,1001
10306,phone,/goods-img/cea55d85-b11e-4639-88ab-9403b05ce1e8.jpg,5499,1000,1001
10307,phone,/goods-img/075a188a-9045-45f0-9c67-1e42e0552aa2.jpg,6799,1000,1001
10308,phone,/goods-img/23ac3107-6309-40c8-bd28-164eb1186b62.jpg,5599,1000,1001
10309,phone,/goods-img/3f47c376-c603-43fc-bfe5-2daa985ff423.jpg,5599,1000,1001
10310,phone,/goods-img/56cef3d7-41e6-4aad-825d-a3d423e74dfd.jpg,5599,1000,1001
10311,phone,/goods-img/c2e3b2e4-1fc8-43f3-b133-6f4eae7faa5d.jpg,5599,1000,1001
10312,phone,/goods-img/2f5079e9-57f3-490a-8d3d-5fd64207939d.jpg,5599,1000,1001
10313,phone,/goods-img/b1259d73-7c5a-4eca-81eb-53a4e9bcc77e.jpg,5599,1000,1001
10314,phone,/goods-img/0656b280-66d9-430b-9d0d-e48bf379d89a.jpg,9599,1000,1001
10315,phone,/goods-img/77ce1f09-3900-4eff-8d97-e67fa8193a84.jpg,10899,1000,1001
10316,phone,/goods-img/e45be404-d582-4c1e-80e8-48073327551e.jpg,9599,1000,1001
10317,phone,/goods-img/76670f49-4556-40ae-b485-3b25dcdcb636.jpg,12699,1000,1001
10318,phone,/goods-img/101abd40-e9a2-4ab0-9f4e-16569c9dbf82.jpg,3199,1000,1001
10319,phone,/goods-img/6229468b-bcb7-4415-880a-aea3eef4eea2.jpg,3199,1000,1001
10320,phone,/goods-img/1f5bb955-fbe7-451a-b12c-3e2115c53020.jpg,3199,1000,1001
10321,phone,/goods-img/9fc3c48f-c8e2-426b-915a-c32b0e72998d.jpg,3199,1000,1001
10322,phone,/goods-img/ec4af4a5-0a53-4246-bd88-919b0541a55c.jpg,9599,1000,1001
10323,phone,/goods-img/b7d2373a-5a8c-4be5-a4ce-57b408c6d9f2.jpg,9599,1000,1001
10324,phone,/goods-img/837aaf40-5797-4929-b162-a248bfe73b36.jpg,9599,1000,1001
10325,phone,/goods-img/8ab049d8-5b2e-4b69-bef0-013bec414598.jpg,3699,1000,1001
10326,phone,/goods-img/eaeb6faf-2ead-4f5d-84d2-1629686a492c.jpg,3699,1000,1001
10327,phone,/goods-img/0611528c-73c8-4114-a1d8-d9387e771284.jpg,3699,1000,1001
10328,phone,/goods-img/dbafc182-23b7-442c-b9cb-0ea825a659a9.jpg,4199,1000,1001
10329,phone,/goods-img/c227df08-9a26-430a-88a5-72c1e4da5b6e.jpg,4199,1000,1001
10330,phone,/goods-img/bf58f29f-75ed-411e-8255-3b9f802634f2.jpg,4199,1000,1001
10331,phone,/goods-img/dfab7fee-e787-423d-9771-67e05b03b358.jpg,4199,1000,1001
10332,phone,/goods-img/b3ff5475-9519-4d94-8f07-5840bb796e60.jpg,7299,1000,1001
10333,phone,/goods-img/7cc8d012-cfaa-45c4-ba35-70ca46c8bd66.jpg,7299,1000,1001
10334,phone,/goods-img/776b459b-e981-434f-bbf7-635cafab7418.jpg,10099,1000,1001
10335,phone,/goods-img/8eb2e38b-84e1-4f31-9dae-841800f68038.jpg,4599,1000,1001
10336,phone,/goods-img/58c6a2c3-d3f7-4b0a-b4ae-e649b1032087.jpg,4799,1000,1001
10337,phone,/goods-img/2839c451-3eaf-4820-8a15-1858ce339407.jpg,4799,1000,1001
10338,phone,/goods-img/35bbe123-c822-457c-aaf0-fdcd861bc06d.jpg,6199,1000,1001
10339,phone,/goods-img/0e565b23-554e-45d3-ac62-a2fb25be7f2c.jpg,6199,1000,1001
10340,phone,/goods-img/c08b6ddc-735f-4d2c-b47f-1f0e7f62a9b1.jpg,6199,1000,1001
10341,phone,/goods-img/c09636de-93b1-444e-b00e-668506676443.jpg,6199,1000,1001
10342,phone,/goods-img/b26d8460-7ab5-4006-ba5c-e212ee0f31bd.jpg,6699,1000,1001
10343,phone,/goods-img/fab7cf40-9b7d-4141-8227-9ce7e02e8330.jpg,6199,1000,1001
10344,phone,/goods-img/0025ad55-e260-4a00-be79-fa5b8c5ac0de.jpg,9999,998,1001
10345,phone,/goods-img/d0abbd2a-19ca-4ae7-9b3c-1eb4eb77c565.jpg,8699,1000,1001
10346,phone,/goods-img/7d192eff-938f-4e6d-8952-9d405707033e.jpg,8699,1000,1001
10347,phone,/goods-img/38b3f3a9-7056-45a3-b183-ad46dc71f493.jpg,12598,1000,1001
10348,phone,/goods-img/22febff2-db52-4f7a-8d16-414e755e788b.jpg,3599,1000,1001
10349,phone,/goods-img/dfb0d434-4d59-4fda-896a-1ebd9e4d9ece.jpg,3599,1000,1001
10350,phone,/goods-img/d3a4b902-8010-4619-89e4-96cb88e6d4e4.jpg,3599,1000,1001
10351,phone,/goods-img/b4b7e7d3-b7ba-4917-a1f9-70c52f28df9d.jpg,3599,1000,1001
10352,phone,/goods-img/0514e529-6b3e-40d5-9183-84088ddb55e1.jpg,7766,1000,1001
10353,phone,/goods-img/a0dfd1ad-61ed-43ee-add4-74bdfea1d6c1.jpg,14999,1000,1001
10354,phone,/goods-img/87b66719-fc17-4c97-a954-de8a78b42a09.jpg,14999,1000,1001
10355,phone,/goods-img/5b132b57-24e4-4d65-9cb8-3299dc0e9ed6.png,1799,1000,1001
10356,phone,/goods-img/f289ec14-e0e2-481e-a703-39eec00a1b15.png,1799,1000,1001
10357,phone,/goods-img/084208d0-4dc2-4f1a-aff4-4114616dfae1.png,1799,1000,1001
10358,phone,/goods-img/8a598420-0052-4551-b00a-b288b6c22a48.png,1799,1000,1001
10359,phone,/goods-img/6110a187-511f-45d0-8b59-ea2a75546a45.jpg,5499,1000,1001
10360,phone,/goods-img/41b10e86-857c-435c-b86d-d822e35450ab.jpg,5699,1000,1001
10361,phone,/goods-img/d38bcaab-7a0a-4f86-ad75-60ac74a308e6.jpg,5499,1000,1001
10362,phone,/goods-img/73fc7cb9-5b43-4bce-a2b3-a82516773de0.jpg,5699,1000,1001
10363,phone,/goods-img/00e53d76-db08-4ae2-864f-ca1cd7c8c32b.jpg,5499,1000,1001
10364,phone,/goods-img/5b9acfd4-7808-4b3b-bf5c-4b367667418c.jpg,12999,1000,1001
10365,phone,/goods-img/cd2b481d-a4a2-4bc0-a4e1-784a28c37ef9.jpg,12999,1000,1001
10366,phone,/goods-img/1d866674-4e57-483a-955f-5fd1a4f5d921.jpg,12999,1000,1001
10367,phone,/goods-img/3f3e086e-e4be-464f-9c20-760430cab2df.jpg,12999,1000,1001
10368,phone,/goods-img/4a4a0820-aad5-47d4-a926-f040fd090c96.jpg,12999,1000,1001
10369,phone,/goods-img/a6b87d83-5ba7-4683-be17-43ab9aa043e3.jpg,12999,1000,1001
10370,phone,/goods-img/3cd13e20-2a00-4049-8768-0ba662df7e40.jpg,3989,1000,1001
10371,phone,/goods-img/fc3db752-e0dc-4ae7-bac3-fd60ab8a1e17.jpg,4008,1000,1001
10372,phone,/goods-img/24b442e2-1bdd-4350-bbab-4e4d3d3445f1.jpg,2899,1000,1001
10373,phone,/goods-img/7601e13f-de8e-449c-84be-65fbc7280cfc.png,2899,1000,1001
10374,phone,/goods-img/771bc653-485b-4c5d-bca3-c84d3e90020d.jpg,2666,1000,1001
10375,phone,/goods-img/5a170339-acb4-4890-bd08-bb109864e853.jpg,2739,1000,1001
10376,phone,/goods-img/a419ebb4-18a5-4295-9404-0593dd215ad0.jpg,2699,1000,1001
10377,phone,/goods-img/4f666eee-c2c7-459c-934e-b32714d1e1c4.png,5188,1000,1001
10378,phone,/goods-img/ada8e547-dca3-47fc-8aab-35884575090a.jpg,3888,1000,1001
10379,phone,/goods-img/76a2e417-2f15-412f-ab73-3a5eb2a7d2d1.jpg,3550,1000,1001
10380,phone,/goods-img/5bfb8955-0b1c-4652-b162-a9b91b71211a.jpg,3499,1000,1001
10381,phone,/goods-img/d31193ee-04c1-4bac-8a91-1a4690a396be.jpg,3438,1000,1001
10382,phone,/goods-img/b9264842-cd50-4d6f-a4a5-e8cc9dd483a4.png,4799,1000,1001
10383,phone,/goods-img/58e9a125-61c1-416b-b17f-99cda431a202.png,4799,1000,1001
10384,phone,/goods-img/5a732ada-1fdb-48f1-b106-666159565a94.jpg,9999,1000,1001
10385,phone,/goods-img/f9e9b321-4b25-40c5-af6d-d9f3fe74a053.jpg,9999,1000,1001
10386,phone,/goods-img/8da60128-fcc7-46ed-98b6-0066c69624c0.png,5058,1000,1001
10387,phone,/goods-img/8aca87a3-65dd-4c42-91c7-bbbd10fcf7a6.jpg,6999,1000,1001
10388,phone,/goods-img/fdec1b37-9a2f-46ea-af03-5091d83e546a.jpg,6999,1000,1001
10389,phone,/goods-img/9834bb8d-fe1c-4218-a624-4a25aecb0676.jpg,5888,1000,1001
10390,phone,/goods-img/3993feaa-0365-4d7e-9cc5-dcf583243ca3.jpg,5888,1000,1001
10391,phone,/goods-img/ba9cf789-60a8-48db-8329-97c3fc13a061.jpg,5888,1000,1001
10392,phone,/goods-img/9aa34959-cd60-418f-b42e-aa7243b6869c.jpg,999,1000,1001
10393,phone,/goods-img/2613a582-460c-4c2b-bbc0-6c7dbf501bd2.jpg,1499,1000,1001
10394,phone,/goods-img/21b0751b-f6ae-4a57-8fb8-61e007395c43.jpg,1499,1000,1001
10395,phone,/goods-img/3f68538f-3b56-4e98-9676-99139857428c.jpg,1799,1000,1001
10396,phone,/goods-img/f8ab28c3-8e04-49a0-ba05-2e6a3ae7211f.jpg,1099,1000,1001
10397,phone,/goods-img/de654f42-d58d-4336-8edd-da01c3523449.jpg,1099,1000,1001
10398,phone,/goods-img/87254a42-9fdf-4e68-a11e-e8e2eef28d2c.jpg,1099,1000,1001
10399,phone,/goods-img/81b7060a-7274-4bff-86c0-72d5fc7ff383.jpg,1099,1000,1001
10400,phone,/goods-img/d7f74e8f-5c52-422b-ac99-a8d691830494.jpg,1399,1000,1001
10401,phone,/goods-img/7031c07e-a70f-4f6d-9e2d-d0af31e3393a.jpg,1399,1000,1001
10402,phone,/goods-img/b7bfcc28-98c2-4cb4-8ce3-afe4c482b674.jpg,1399,1000,1001
10403,phone,/goods-img/6a160b96-9b4a-4844-b335-feb31b1f5d8c.jpg,1399,1000,1001
10404,phone,/goods-img/8ccc13ec-96fe-4488-a604-526601548c9e.jpg,1399,1000,1001
10405,phone,/goods-img/edb7e8ef-7785-418b-a75e-dfed2aa74e39.jpg,4288,1000,1001
10406,phone,/goods-img/e13294f7-9ab0-42dc-afb1-9f41c59436cf.jpg,4288,1000,1001
10407,phone,/goods-img/b9e6d770-06dd-40f4-9ae5-31103cec6e5f.jpg,4288,999,1001
10408,phone,/goods-img/20312f4e-da4f-49b9-8150-ab54f0302915.jpg,4288,1000,1001
10409,phone,/goods-img/192b1727-bcab-4bdf-8494-182f8ec5b2e6.jpg,4288,1000,1001
10410,phone,/goods-img/74146e03-42d1-453c-843d-b02d8bcc24f4.jpg,1399,1000,1001
10411,phone,/goods-img/4c066fc2-3a58-44df-9dc6-8465b25f92ef.jpg,1399,1000,1001
10412,phone,/goods-img/525bdd6e-848b-4e02-b19f-1a08fdb87faa.jpg,1399,1000,1001
10413,phone,/goods-img/d30f7986-bc0f-4ea8-8fbb-94c6bae248f5.jpg,1599,1000,1001
10415,phone,/goods-img/2469b8fa-8117-4409-a8d6-3b52a33b3e51.jpg,2699,1000,1001
10417,phone,/goods-img/474e2ef0-2321-4363-ab31-7a838546f172.jpg,2699,1000,1001
10418,phone,/goods-img/77d87d20-4fc7-441c-82a8-baf9089fc3ad.jpg,2699,1000,1001
10419,phone,/goods-img/1a200710-8c41-4411-8edf-a49575807a08.jpg,2699,1000,1001
10420,phone,/goods-img/391cd4e6-6071-41ea-a6fc-d983b30a5470.jpg,3199,1000,1001
10421,phone,/goods-img/5d7ee18f-ca20-4d72-a803-dc5b03bd80e2.jpg,3199,1000,1001
10422,phone,/goods-img/e1505375-d00d-4cd8-a090-a13490b430d5.jpg,3199,1000,1001
10423,phone,/goods-img/1b96ae9b-8c56-465e-9e82-ff712305e2d9.jpg,1499,1000,1001
10425,phone,/goods-img/b49530f5-fe13-42b3-9ca9-6f1367e0f8f8.jpg,1499,1000,1001
10426,phone,/goods-img/84397a4c-ff06-4f08-bad5-bd4d5f8e23ff.jpg,1499,1000,1001
10427,phone,/goods-img/5dd6b4de-0b39-48fc-9285-7356c22edf7b.jpg,2199,1000,1001
10429,phone,/goods-img/b57f705a-ef7f-4a9f-a244-3fc980e17555.jpg,2199,1000,1001
10431,phone,/goods-img/f8edc81a-8fbd-425b-8ed7-d6b4c14ec6a1.jpg,3088,1000,1001
10433,phone,/goods-img/b43bcd55-3709-4c32-b3a2-5b59c80f3610.jpg,2788,1000,1001
10435,phone,/goods-img/28e94d5d-9ccc-4843-a296-2747530037ce.jpg,3388,1000,1001
10437,phone,/goods-img/8883043d-bef3-442c-9ccf-af9c03510c5d.jpg,1899,1000,1001
10439,phone,/goods-img/522ed5b9-bcae-401f-9933-d2e957bb3384.jpg,1199,1000,1001
10440,phone,/goods-img/36bdfdb9-21b1-46d5-9534-8b3873c9b6d9.jpg,1199,1000,1001
10441,phone,/goods-img/51fa04cf-1c05-49ee-8dea-0c1757ff32c4.jpg,1899,1000,1001
10442,phone,/goods-img/65c8e729-aeca-4780-977b-4d0d39d4aa2e.jpg,5488,999,1001
10443,phone,/goods-img/bc90bb1e-494a-44d4-b180-42a994ec80fc.jpg,5488,1000,1001
10444,phone,/goods-img/a6f309b7-765a-4407-be71-bbd5b764d448.jpg,5488,1000,1001
10445,phone,/goods-img/dda1d575-cdac-4eb4-a118-3834490166f7.jpg,5988,996,1001
10446,phone,/goods-img/8755a735-baa1-4f17-a9bd-30c4f4f1451b.jpg,5988,1000,1001
10447,phone,/goods-img/44e78820-86f3-429d-94af-64f6af308846.jpg,5488,1000,1001
10448,phone,/admin/dist/img/no-img.png,5488,1000,1001
10449,phone,/goods-img/2948815e-043a-4f47-896f-7f6ccf916369.jpg,2999,1000,1001
10450,phone,/goods-img/df1bea42-9172-4cd5-9fc5-f35bb736108f.jpg,2999,1000,1001
10451,phone,/goods-img/ab6f8463-794f-4f40-87b8-d01e6260ff1c.jpg,2999,1000,1001
10452,phone,/goods-img/98e90b6e-2a5d-462d-8cd1-44699144a0b5.jpg,2999,1000,1001
10453,phone,/goods-img/ec0bafed-d651-4be7-b2aa-13e84248219a.jpg,2999,1000,1001
10454,phone,/goods-img/83f39052-5a1c-4769-a7db-cf2bd53d2a29.jpg,3799,1000,1001
10455,phone,/goods-img/4b2bffff-ec0b-42e0-8152-ada9a121ad31.jpg,2199,1000,1001
10456,phone,/goods-img/04dce482-ff0e-483c-b324-dfc030b6cdd1.jpg,2199,1000,1001
10457,phone,/goods-img/b5e139d3-ea6b-4874-9ccc-c18aca44a8bc.jpg,2199,1000,1001
10458,phone,/goods-img/86bd80cd-140b-474c-8277-3747332f61b3.jpg,2199,1000,1001
10459,phone,/goods-img/3b008be9-e906-4364-8aa0-0df2e670dbd2.jpg,2199,1000,1001
10460,phone,/goods-img/7f7d2343-6743-490b-baec-3e0a76d061e5.jpg,899,1000,1001
10461,phone,/goods-img/b163ca1b-7deb-4b15-818a-dc765c852305.jpg,899,1000,1001
10462,phone,/goods-img/f949289a-4c51-4159-a754-871da347e1e5.jpg,899,1000,1001
10463,phone,/goods-img/27c3c018-95c5-429f-9ad7-be0fedd78329.jpg,1399,1000,1001
10464,phone,/goods-img/61224f59-e11a-4005-84dc-cadfdd4162f6.jpg,1399,1000,1001
10465,phone,/goods-img/bf64e22d-1cd3-40b0-9ce1-cc944e35d2d4.jpg,699,1000,1001
10467,phone,/goods-img/55b997f9-fa22-40b0-8b33-429760c2af49.jpg,1999,1000,1001
10469,phone,/goods-img/8d675ec6-efe0-4ca6-8f83-193820b07256.jpg,1999,1000,1001
10470,phone,/goods-img/c8ce9a44-7b40-48b2-91cb-2a1607561b4a.jpg,1999,1000,1001
10471,phone,/goods-img/5ea16713-f6ae-4fa7-a53d-1700c29cb3d3.jpg,1299,1000,1001
10472,phone,/goods-img/39e4b0c8-c4c5-4162-8a32-3bb9bb483503.jpg,1299,1000,1001
10473,phone,/goods-img/ca2bb115-c75e-475b-93ab-c2436f31aa16.jpg,1299,1000,1001
10474,phone,/goods-img/65e953c4-1d29-423a-b7d7-4276c4d42aaa.jpg,1299,1000,1001
10475,phone,/goods-img/2252c604-ced3-4e92-b58b-15402ae7be2c.jpg,1399,1000,1001
10476,phone,/goods-img/a17dc2b3-17dc-4be7-a04d-12a3fa62de31.jpg,1399,1000,1001
10477,phone,/goods-img/e3f32e21-1208-481d-bfcd-8447de78043b.jpg,2199,1000,1001
10478,phone,/goods-img/1eb1e40c-7f38-47ed-a839-d43c1d0b79a8.jpg,2199,1000,1001
10479,phone,/goods-img/80f05e0d-0d06-4aa8-bca5-0d39a2365b4b.jpg,2199,1000,1001
10480,phone,/goods-img/9024ab8a-be67-4459-8414-8d84225851a7.jpg,3799,1000,1001
10481,phone,/goods-img/940a6c56-9f7b-4008-8679-c7ef5a44d695.jpg,3799,1000,1001
10482,phone,/goods-img/08f9a912-f049-4cf8-a839-115fc6582398.jpg,3299,999,1001
10483,phone,/goods-img/5d57e0ba-1bc7-45a7-9677-f501e0384442.jpg,3799,1000,1001
10484,phone,/goods-img/bde7fc16-fb6b-42b0-8950-13ff287c3cd3.jpg,1899,1000,1001
10485,phone,/goods-img/e299773e-14e4-4168-adab-514f6c6d35ed.jpg,1899,1000,1001
10486,phone,/goods-img/2a3fb7d2-cb76-47b2-88c6-db0f869b5718.jpg,1899,1000,1001
10487,phone,/goods-img/c0763005-4e67-4861-98f2-e6a550ec4d87.jpg,1799,1000,1001
10488,phone,/goods-img/aea7760b-d950-4f64-8db9-ef055f15d234.jpg,1799,1000,1001
10489,phone,/goods-img/f5e2d2e7-541a-44fa-ad5c-4f15f48ebfc9.jpg,1799,1000,1001
10490,phone,/goods-img/b67a4ac6-7766-4995-8110-1bd442ec0797.jpg,1799,1000,1001
10491,phone,/goods-img/bd8b2d93-c251-46b8-9990-77baaf3075f3.jpg,999,1000,1001
10492,phone,/goods-img/71ae1ce8-38e8-4da3-8fa1-5e8157a12685.jpg,999,1000,1001
10493,phone,/goods-img/371386b8-ddf4-4fc1-985e-ef0e1a076710.jpg,1099,1000,1001
10494,phone,/goods-img/60392ae1-d076-47b5-a00d-b2278e01ccb5.jpg,1099,1000,1001
10495,phone,/goods-img/0a592388-1535-4f9f-8201-ecb78c48bb3d.jpg,799,1000,1001
10496,phone,/goods-img/fd218943-8f6f-4fb8-91a4-d6216cc5afdc.jpg,799,1000,1001
10497,phone,/goods-img/54641753-d8e7-45da-8c6c-81192552cf15.jpg,799,1000,1001
10498,phone,/goods-img/7b65ad3d-74a4-4322-8653-6bda47a8b4eb.jpg,799,1000,1001
10499,phone,/goods-img/2a05cc6a-3eea-42f9-ab97-2e2529a72099.jpg,2999,1000,1001
10500,phone,/goods-img/e4e4c543-6d9a-4b19-bedf-3f40024cb710.jpg,999,1000,1001
10502,phone,/goods-img/4a5c5b20-2dd3-4343-a6d1-31195c9edea4.jpg,999,1000,1001
10504,phone,/goods-img/30ef1f51-f958-486f-8d79-f48f6d8293dd.jpg,1199,1000,1001
10505,phone,/goods-img/92beacb0-f692-42ff-a20f-8fecd2b0c046.jpg,1199,1000,1001
10506,phone,/goods-img/0cf95c37-2665-4894-bd42-5f8de06c6d94.jpg,1199,1000,1001
10507,phone,/goods-img/f6c46245-b957-41ed-b235-133c17cba7f9.jpg,1199,1000,1001
10508,phone,/goods-img/e3de1717-e373-4544-9f1e-057a91fd2595.jpg,1599,1000,1001
10510,phone,/goods-img/647470fa-85b1-4626-99d0-d5b7512c8f23.jpg,1399,1000,1001
10512,phone,/goods-img/edb8a694-84a5-47da-9bae-30f7a69d2c63.jpg,1399,1000,1001
10513,phone,/goods-img/c76edfa6-c16e-45b9-9119-46d300739112.jpg,1399,1000,1001
10514,phone,/goods-img/bf0c2d17-3630-4709-af38-d7bd14a76f22.jpg,1399,1000,1001
10515,phone,/goods-img/28c56015-cb20-44cb-86fb-246ad509e828.jpg,699,1000,1001
10516,phone,/goods-img/d845c984-f749-4f22-86a5-558677b1322c.jpg,699,1000,1001
10517,phone,/goods-img/56ac4c58-8742-40c8-b130-83b4d2925a8c.jpg,599,1000,1001
10518,phone,/goods-img/0647d1b4-d19a-4424-b6ac-68344addacb4.jpg,699,1000,1001
10519,phone,/goods-img/711c54f0-f9d0-472e-b61b-94e25c628599.jpg,699,1000,1001
10520,phone,/goods-img/c8c97b68-3ba6-4f97-8940-d04c9e7c7302.jpg,699,1000,1001
10521,phone,/goods-img/d423bb5c-60c8-4b66-bd72-3490b5d6461b.jpg,2099,1000,1001
10522,phone,/goods-img/9a554cae-5bec-4964-992f-e2f4de192e2c.jpg,2099,1000,1001
10523,phone,/goods-img/55a6dc67-1ed9-421a-9782-acdfa9c123e1.jpg,2799,1000,1001
10524,phone,/goods-img/e8087861-89fd-43af-b64d-290864b0fe35.jpg,2999,1000,1001
10526,phone,/goods-img/8fc9776e-9393-421d-998c-e516b3877dba.jpg,1399,1000,1001
10528,phone,/goods-img/033685d7-bf11-4389-9e52-ef5a51182306.jpg,1399,1000,1001
10529,phone,/goods-img/e8dba692-7fda-4f42-b0ee-6f51ca7dc77d.jpg,1399,1000,1001
10530,phone,/goods-img/387afca1-a14a-4ab8-9d99-120b7095029c.jpg,1799,1000,1001
10531,phone,/goods-img/f96f376e-8341-4bad-ad2a-b3f12486958a.jpg,1799,1000,1001
10532,phone,/goods-img/4c148e8e-7e26-4c74-a3d3-f5f37ae9248d.jpg,1999,1000,1001
10533,phone,/goods-img/92482741-3637-4cd3-91ff-cc5aeb0d3316.jpg,2599,1000,1001
10534,phone,/goods-img/e39da33d-1b55-4e97-b8e6-824ac2cd1062.jpg,999,1000,1001
10536,phone,/goods-img/b28f3eac-0091-442f-90f3-68914bf947c7.jpg,2099,1000,1001
10538,phone,/goods-img/ef8370c4-ed8e-497f-9e10-185de4d01fe9.jpg,1799,1000,1001
10539,phone,/goods-img/3bfc7c72-b56a-4088-8acf-e01e830ce72a.jpg,2599,1000,1001
10541,phone,/goods-img/ed860c53-955b-4cfd-b605-a8b4bb959e2f.jpg,1999,1000,1001
10542,phone,/goods-img/8e64ea39-5477-482c-a200-2c12fdeff004.jpg,1999,1000,1001
10543,phone,/goods-img/38a69084-0bc4-479e-a5ba-aed135dee974.jpg,1999,1000,1001
10544,phone,/goods-img/17b2eb9f-7289-45f8-b26a-114ec29ceb3c.jpg,649,1000,1001
10546,phone,/goods-img/1ba819c2-dc89-41d9-86a9-4649418972da.jpg,549,1000,1001
10547,phone,/goods-img/b6c3eea7-9d34-4ac0-ba66-2fde6f26253b.jpg,1599,1000,1001
10549,phone,/goods-img/114e92f8-bf78-481e-8d8a-9936d026d9d4.jpg,1599,1000,1001
10551,phone,/goods-img/b4ff98bc-ad00-48f7-ac64-0d52780d4c48.jpg,999,1000,1001
10553,phone,/goods-img/52425573-6311-4877-bad8-1c04bf01e9d3.jpg,1599,1000,1001
10555,phone,/goods-img/bd94d7e0-f56f-4b7f-8653-b8a4e267bd15.jpg,1299,1000,1001
10557,phone,/goods-img/777ebd38-965d-4c77-970e-f1e25022255f.jpg,1799,1000,1001
10559,phone,/goods-img/63588dfb-f85f-41a2-8198-c7ae66aa0261.png,1698,1000,1001
10561,phone,/goods-img/5a2a90aa-fe2c-4bb0-8d8d-1ac1613f453a.png,1998,1000,1001
10563,phone,/goods-img/fafda3af-7741-47f2-936e-c0d9030fbf5b.png,1188,1000,1001
10565,phone,/goods-img/d8b30b9f-faa4-4a0d-84bc-53b9c4745977.png,1578,1000,1001
10567,phone,/goods-img/18ce5224-c98d-4a9c-a024-5ac5b6f9a2d7.jpg,1200,1000,1001
10568,phone,/goods-img/f7a9a98d-9e3f-4443-b8a7-5612bcd7c1d0.jpg,1200,1000,1001
10569,phone,/goods-img/02523f49-742b-4c45-b59b-f550fe5a60ae.jpg,1200,1000,1001
10570,phone,/goods-img/35b9c185-2ca6-4052-af40-2abd2157f200.png,2099,1000,1001
10571,phone,/goods-img/e9818435-c510-4042-91e1-734a818a2577.png,2099,1000,1001
10573,phone,/goods-img/515706fb-a5f8-4d72-a08e-7523cf4ea113.jpg,699,1000,1001
10574,phone,/goods-img/e1c2b06f-fd06-4242-acb7-9ebd7179181b.png,2199,1000,1001
10576,phone,/goods-img/314274fc-1ee0-474d-bbb5-b9c70a8a9573.png,2599,1000,1001
10577,phone,/goods-img/c2905bd8-bd68-4672-bada-b8a202a9327e.png,2599,1000,1001
10578,phone,/goods-img/5afd1749-a3bc-41c2-90b2-928ede8aedda.jpg,1799,1000,1001
10579,phone,/goods-img/a96dd5bc-2d74-4d57-9336-45a8ac09a363.jpg,1799,1000,1001
10580,phone,/goods-img/25e44283-a440-4e64-bb27-1887370c3d2e.jpg,1999,1000,1001
10581,phone,/goods-img/6b5e5711-8ae6-4f66-bd22-30c9be85d3c6.jpg,1999,1000,1001
10582,phone,/goods-img/040a3aa6-1699-4eca-ac67-5021cc419979.jpg,1999,1000,1001
10583,phone,/goods-img/47c28778-88a4-42fd-bb4d-c93fe8df36b5.jpg,1799,1000,1001
10584,phone,/admin/dist/img/no-img.png,1799,1000,1001
10586,phone,/admin/dist/img/no-img.png,3199,1000,1001
10587,phone,/admin/dist/img/no-img.png,3199,1000,1001
10588,phone,/admin/dist/img/no-img.png,3199,1000,1001
10589,phone,/admin/dist/img/no-img.png,3199,1000,1001
10590,phone,/admin/dist/img/no-img.png,3399,1000,1001
10592,phone,/admin/dist/img/no-img.png,1849,1000,1001
10593,phone,/goods-img/b6084354-1841-4241-ba7b-7e97186a9076.jpg,1299,1000,1001
10594,phone,/goods-img/7b4e03b1-eca7-42f5-8dda-14d02d3ab318.jpg,1009,1000,1001
10595,phone,/goods-img/7bca8b59-35f3-480a-a95d-99efcbb8cfda.jpg,787,1000,1001
10596,phone,/goods-img/mate30p3.png,5399,996,1001
10598,phone,/goods-img/mate30-3.png,3999,996,1001
